{
  "criteria": {
    "kabob_1": {
      "trigger": "minecraft:consume_item",
      "conditions": {
        "player": [
          {
            "condition": "minecraft:all_of",
            "terms": [
              {
                "condition": "minecraft:entity_properties",
                "entity": "this",
                "predicate": {
                  "slots": {
                    "weapon.mainhand": {
                      "items": "minecraft:firework_star",
                      "components": {
                        "minecraft:custom_model_data": 134,
                        "minecraft:damage": 1
                      }
                    }
                  }
                }
              }
            ]
          }
        ]
      }
    }
  },
  "rewards": {
    "function": "morefoods:kabob_1"
  }
}
