{
  "type": "minecraft:blasting",
  "reggie_note": "This is pretty mean, but what else are you gonna use those eggs for?",
  "category": "food",
  "ingredient": {
    "item": "minecraft:sniffer_egg"
  },
  "result": {
    "id": "minecraft:firework_star",
    "components": {
      "minecraft:custom_model_data": 125,
      "minecraft:food": {
        "nutrition": 14,
        "saturation": 16,
		"eat_seconds": 2
      },
      "minecraft:item_name": "{\"text\":\"Fried Sniffer Egg\"}"
    }
  },
  "cookingtime": 300
}
