{
  "type": "minecraft:block",
  "pools": [
    {
      "rolls": 1,
      "bonus_rolls": 0,
      "entries": [
        {
          "type": "minecraft:item",
          "name": "minecraft:glow_berries",
          "functions": [
            {
              "function": "minecraft:set_count",
              "count": {
                "type": "minecraft:uniform",
                "min": 1,
                "max": 3
              }
            },
            {
              "function": "minecraft:set_components",
              "components": {
                "minecraft:food": {
                  "nutrition": 2,
                  "saturation": 0.4,
                  "can_always_eat": true,
                  "eat_seconds": 1
                }
              }
            }
          ]
        }
      ],
      "conditions": [
        {
          "condition": "minecraft:block_state_property",
          "block": "minecraft:cave_vines",
          "properties": {
            "berries": "true"
          }
        }
      ]
    }
  ],
  "random_sequence": "minecraft:blocks/cave_vines"
}
