{
  "type": "minecraft:block",
  "pools": [
    {
      "rolls": 1,
      "bonus_rolls": 0,
      "entries": [
        {
          "type": "minecraft:item",
          "name": "minecraft:sweet_berries",
          "functions": [
            {
              "function": "minecraft:set_components",
              "components": {
                "minecraft:food": {
                  "nutrition": 2,
                  "saturation": 0.4,
                  "can_always_eat": true,
                  "eat_seconds": 1
                }
              }
            }
          ]
        }
      ],
      "functions": [
        {
          "function": "minecraft:set_count",
          "count": {
            "type": "minecraft:uniform",
            "min": 2,
            "max": 3
          },
          "add": false
        },
        {
          "function": "minecraft:apply_bonus",
          "enchantment": "minecraft:fortune",
          "formula": "minecraft:uniform_bonus_count",
          "parameters": {
            "bonusMultiplier": 1
          }
        }
      ],
      "conditions": [
        {
          "condition": "minecraft:block_state_property",
          "block": "minecraft:sweet_berry_bush",
          "properties": {
            "age": "3"
          }
        }
      ]
    },
    {
      "rolls": 1,
      "bonus_rolls": 0,
      "entries": [
        {
          "type": "minecraft:item",
          "name": "minecraft:sweet_berries"
        }
      ],
      "functions": [
        {
          "function": "minecraft:set_count",
          "count": {
            "type": "minecraft:uniform",
            "min": 1,
            "max": 2
          },
          "add": false
        },
        {
          "function": "minecraft:apply_bonus",
          "enchantment": "minecraft:fortune",
          "formula": "minecraft:uniform_bonus_count",
          "parameters": {
            "bonusMultiplier": 1
          }
        },
        {
          "function": "minecraft:set_components",
          "components": {
            "minecraft:food": {
              "nutrition": 2,
              "saturation": 0.4,
              "can_always_eat": true,
              "eat_seconds": 1
            }
          }
        }
      ],
      "conditions": [
        {
          "condition": "minecraft:block_state_property",
          "block": "minecraft:sweet_berry_bush",
          "properties": {
            "age": "2"
          }
        }
      ]
    }
  ],
  "functions": [
    {
      "function": "minecraft:explosion_decay"
    }
  ],
  "random_sequence": "minecraft:blocks/sweet_berry_bush"
}
