{
  "type": "minecraft:stonecutting",
  "category": "food",
  "ingredient": {
    "item": "minecraft:cake"
  },
  "result": {
    "id": "minecraft:firework_star",
    "count": 7,
    "components": {
      "minecraft:custom_model_data": 91,
      "minecraft:food": {
        "nutrition": 2,
        "saturation": 0.4,
        "eat_seconds": 1,
		"can_always_eat": true,
        "effects": [
          {
            "effect": {
              "id": "minecraft:speed",
              "amplifier": 0,
              "duration": 100
            },
            "probability": 1
          }
        ]
      },
      "minecraft:item_name": "{\"text\":\"Slice of Cake\",\"italic\":false}"
    }
  }
}
