{
  "type": "minecraft:stonecutting",
  "category": "food",
  "ingredient": {
    "item": "minecraft:baked_potato"
  },
  "result": {
    "id": "minecraft:firework_star",
    "count": 3,
    "components": {
      "minecraft:custom_model_data": 103,
      "minecraft:food": {
        "nutrition": 2,
        "saturation": 2,
        "can_always_eat": true,
        "eat_seconds": 0.8
      },
      "minecraft:item_name": "{\"text\":\"Cut Potatoes\",\"italic\":false}",
      "minecraft:max_stack_size": 64
    }
  }
}
