{
  "type": "minecraft:stonecutting",
  "category": "food",
  "ingredient": {
    "item": "minecraft:pumpkin_pie"
  },
  "result": {
    "id": "minecraft:firework_star",
    "count": 4,
    "components": {
      "minecraft:custom_model_data": 92,
      "minecraft:food": {
        "nutrition": 2,
        "saturation": 1.2,
        "eat_seconds": 1,
		"can_always_eat": true
      },
      "minecraft:item_name": "{\"text\":\"Slice of Pumpkin Pie\",\"italic\":false}"
    }
  }
}
