{
  "criteria": {
    "crafted meat pizza": {
      "trigger": "minecraft:recipe_crafted",
      "conditions": {
        "recipe_id": "morefoods:meaty_pizza_slice"
      }
    },
    "crafted cheese pizza": {
      "trigger": "minecraft:recipe_crafted",
      "conditions": {
        "recipe_id": "morefoods:cheese_pizza_slice"
      }
    },
	"crafted veg pizza": {
      "trigger": "minecraft:recipe_crafted",
      "conditions": {
        "recipe_id": "morefoods:veg_pizza_slice"
      }
    }
  },
  "requirements": [
    [
      "crafted meat pizza",
	  "crafted cheese pizza",
	  "crafted veg pizza"
    ]
  ],
  "rewards": {
    "function": "morefoods:bg/pizza_refund"
  }
}
