{
  "parent": "minecraft:recipes/root",
  "criteria": {
    "has_the_recipe": {
      "trigger": "minecraft:recipe_unlocked",
      "conditions": {
        "recipe": "morefoods:apple_pie"
      }
    },
    "has_egg": {
      "trigger": "minecraft:inventory_changed",
      "conditions": {
        "items": [
          {
            "items": "minecraft:egg"
          }
        ]
      }
    },
    "has_milk": {
      "trigger": "minecraft:inventory_changed",
      "conditions": {
        "items": [
          {
            "items": "minecraft:milk_bucket"
          }
        ]
      }
    },
    "has_apple": {
      "trigger": "minecraft:inventory_changed",
      "conditions": {
        "items": [
          {
            "items": "minecraft:apple"
          }
        ]
      }
    },
    "has_sugar": {
      "trigger": "minecraft:inventory_changed",
      "conditions": {
        "items": [
          {
            "items": "minecraft:sugar"
          }
        ]
      }
    },
    "has_wheat": {
      "trigger": "minecraft:inventory_changed",
      "conditions": {
        "items": [
          {
            "items": "minecraft:wheat"
          }
        ]
      }
    }
  },
  "requirements": [
    [
      "has_the_recipe",
      "has_apple",
      "has_sugar",
      "has_egg",
      "has_milk",
      "has_wheat"
    ]
  ],
  "rewards": {
    "recipes": [
      "morefoods:apple_pie"
    ]
  }
}
