{
  "parent": "minecraft:recipes/root",
  "criteria": {
    "has_the_recipe": {
      "trigger": "minecraft:recipe_unlocked",
      "conditions": {
        "recipe": "morefoods:apple_juice"
      }
    },
    "has_apple": {
      "trigger": "minecraft:inventory_changed",
      "conditions": {
        "items": [
          {
            "items": "minecraft:apple"
          }
        ]
      }
    },
    "has_sugar": {
      "trigger": "minecraft:inventory_changed",
      "conditions": {
        "items": [
          {
            "items": "minecraft:sugar"
          }
        ]
      }
    },
    "has_bottle": {
      "trigger": "minecraft:inventory_changed",
      "conditions": {
        "items": [
          {
            "items": "minecraft:glass_bottle"
          }
        ]
      }
    }
  },
  "requirements": [
    [
      "has_the_recipe",
      "has_apple",
      "has_sugar",
      "has_bottle"
    ]
  ],
  "rewards": {
    "recipes": [
      "morefoods:apple_juice"
    ]
  }
}
