{
  "parent": "minecraft:recipes/root",
  "criteria": {
    "has_the_recipe": {
      "trigger": "minecraft:recipe_unlocked",
      "conditions": {
        "recipe": "morefoods:cheesecake"
      }
    },
    "has_egg": {
      "trigger": "minecraft:inventory_changed",
      "conditions": {
        "items": [
          {
            "items": "minecraft:egg"
          }
        ]
      }
    },
    "has_milk": {
      "trigger": "minecraft:inventory_changed",
      "conditions": {
        "items": [
          {
            "items": "minecraft:milk_bucket"
          }
        ]
      }
    },
    "has_cheese": {
      "trigger": "minecraft:inventory_changed",
      "conditions": {
        "items": [
          {
            "items": "minecraft:tropical_fish",
            "components": {
              "minecraft:food": {
                "nutrition": 4,
                "saturation": 3.6
              }
            }
          }
        ]
      }
    },
    "has_sugar": {
      "trigger": "minecraft:inventory_changed",
      "conditions": {
        "items": [
          {
            "items": "minecraft:sugar"
          }
        ]
      }
    },
    "has_wheat": {
      "trigger": "minecraft:inventory_changed",
      "conditions": {
        "items": [
          {
            "items": "minecraft:wheat"
          }
        ]
      }
    }
  },
  "requirements": [
    [
      "has_the_recipe",
      "has_cheese",
      "has_sugar",
      "has_egg",
      "has_milk",
      "has_wheat"
    ]
  ],
  "rewards": {
    "recipes": [
      "morefoods:cheesecake"
    ]
  }
}
