{
  "parent": "minecraft:recipes/root",
  "criteria": {
    "has_the_recipe": {
      "trigger": "minecraft:recipe_unlocked",
      "conditions": {
        "recipe": "morefoods:emerald_apple"
      }
    },
    "has_apple": {
      "trigger": "minecraft:inventory_changed",
      "conditions": {
        "items": [
          {
            "items": "minecraft:apple"
          }
        ]
      }
    },
    "has_emerald": {
      "trigger": "minecraft:inventory_changed",
      "conditions": {
        "items": [
          {
            "items": "minecraft:emerald"
          }
        ]
      }
    }
  },
  "requirements": [
    [
      "has_the_recipe",
      "has_emerald",
      "has_apple"
    ]
  ],
  "rewards": {
    "recipes": [
      "morefoods:emerald_apple"
    ]
  }
}
