{
  "parent": "minecraft:recipes/root",
  "criteria": {
    "has_the_recipe": {
      "trigger": "minecraft:recipe_unlocked",
      "conditions": {
        "recipe": "morefoods:filled_donut"
      }
    },
    "has_sweet_berries": {
      "trigger": "minecraft:inventory_changed",
      "conditions": {
        "items": [
          {
            "items": "minecraft:sweet_berries"
          }
        ]
      }
    },
    "has_glow_berries": {
      "trigger": "minecraft:inventory_changed",
      "conditions": {
        "items": [
          {
            "items": "minecraft:glow_berries"
          }
        ]
      }
    },
    "has_wheat": {
      "trigger": "minecraft:inventory_changed",
      "conditions": {
        "items": [
          {
            "items": "minecraft:wheat"
          }
        ]
      }
    }
  },
  "requirements": [
    [
      "has_the_recipe",
      "has_wheat",
      "has_sweet_berries",
	  "has_glow_berries"
    ]
  ],
  "rewards": {
    "recipes": [
      "morefoods:filled_donut",
	  "morefoods:glow_filled_donut"
    ]
  }
}
