{
  "parent": "minecraft:recipes/root",
  "criteria": {
    "has_the_recipe": {
      "trigger": "minecraft:recipe_unlocked",
      "conditions": {
        "recipe": "morefoods:fish_roll"
      }
    },
    "has_cooked_cod": {
      "trigger": "minecraft:inventory_changed",
      "conditions": {
        "items": [
          {
            "items": "minecraft:cooked_cod"
          }
        ]
      }
    },
    "has_cooked_salmon": {
      "trigger": "minecraft:inventory_changed",
      "conditions": {
        "items": [
          {
            "items": "minecraft:cooked_salmon"
          }
        ]
      }
    },
	"has_cod": {
      "trigger": "minecraft:inventory_changed",
      "conditions": {
        "items": [
          {
            "items": "minecraft:cod"
          }
        ]
      }
    },
    "has_salmon": {
      "trigger": "minecraft:inventory_changed",
      "conditions": {
        "items": [
          {
            "items": "minecraft:salmon"
          }
        ]
      }
    },
    "has_kelp": {
      "trigger": "minecraft:inventory_changed",
      "conditions": {
        "items": [
          {
            "items": "minecraft:kelp"
          }
        ]
      }
    }
  },
  "requirements": [
    [
      "has_the_recipe",
      "has_kelp",
      "has_cooked_cod",
	  "has_cooked_salmon",
	  "has_cod",
	  "has_salmon"
    ]
  ],
  "rewards": {
    "recipes": [
      "morefoods:fish_roll"
    ]
  }
}
