{
  "parent": "minecraft:recipes/root",
  "criteria": {
    "has_the_recipe": {
      "trigger": "minecraft:recipe_unlocked",
      "conditions": {
        "recipe": "morefoods:fruit_punch"
      }
    },
    "has_bottle": {
      "trigger": "minecraft:inventory_changed",
      "conditions": {
        "items": [
          {
            "items": "minecraft:glass_bottle"
          }
        ]
      }
    }
  },
  "requirements": [
    [
      "has_the_recipe",
	  "has_bottle"
    ]
  ],
  "rewards": {
    "recipes": [
      "morefoods:fruit_punch"
    ]
  }
}
