{
  "parent": "minecraft:recipes/root",
  "criteria": {
    "has_the_recipe": {
      "trigger": "minecraft:recipe_unlocked",
      "conditions": {
        "recipe": "morefoods:golden_apple_juice"
      }
    },
    "has_golden_apple": {
      "trigger": "minecraft:inventory_changed",
      "conditions": {
        "items": [
          {
            "items": "minecraft:golden_apple"
          }
        ]
      }
    },
	"has_sugar": {
      "trigger": "minecraft:inventory_changed",
      "conditions": {
        "items": [
          {
            "items": "minecraft:sugar" 
		  }
        ]
      }
    },
	"has_bottle": {
      "trigger": "minecraft:inventory_changed",
      "conditions": {
        "items": [
          {
            "items": "minecraft:glass_bottle"
          }
        ]
      }
    },
	"has_milk": {
      "trigger": "minecraft:inventory_changed",
      "conditions": {
        "items": [
          {
            "items": "minecraft:milk_bucket"
          }
        ]
      }
    }
  },
  "requirements": [
    [
      "has_the_recipe",
	  "has_milk",
	  "has_golden_apple",
	  "has_sugar",
	  "has_bottle"
    ]
  ],
  "rewards": {
    "recipes": [
      "morefoods:golden_apple_juice"
    ]
  }
}
