{
  "parent": "minecraft:recipes/root",
  "criteria": {
    "has_the_recipe": {
      "trigger": "minecraft:recipe_unlocked",
      "conditions": {
        "recipe": "morefoods:hot_cocoa"
      }
    },
	"has_sugar": {
      "trigger": "minecraft:inventory_changed",
      "conditions": {
        "items": [
          {
            "items": "minecraft:sugar" 
		  }
        ]
      }
    },
	"has_cocoa": {
      "trigger": "minecraft:inventory_changed",
      "conditions": {
        "items": [
          {
            "items": "minecraft:cocoa_beans" 
		  }
        ]
      }
    },
	"has_bottle": {
      "trigger": "minecraft:inventory_changed",
      "conditions": {
        "items": [
          {
            "items": "minecraft:glass_bottle" 
		  }
        ]
      }
    }
  },
  "requirements": [
    [
      "has_the_recipe",
	  "has_cocoa",
	  "has_sugar",
	  "has_bottle"
    ]
  ],
  "rewards": {
    "recipes": [
      "morefoods:hot_cocoa"
    ]
  }
}
