{
  "parent": "minecraft:recipes/root",
  "criteria": {
    "has_the_recipe": {
      "trigger": "minecraft:recipe_unlocked",
      "conditions": {
        "recipe": "morefoods:yogurt"
      }
    },
	"has_milk": {
      "trigger": "minecraft:inventory_changed",
      "conditions": {
        "items": [
          {
            "items": "minecraft:milk_bucket" 
		  }
        ]
      }
	},
	"has_bottle": {
      "trigger": "minecraft:inventory_changed",
      "conditions": {
        "items": [
          {
            "items": "minecraft:glass_bottle" 
		  }
        ]
      }
	},
	"has_sweet_berries": {
      "trigger": "minecraft:inventory_changed",
      "conditions": {
        "items": [
          {
            "items": "minecraft:sweet_berries" 
		  }
        ]
      }
	},
	"has_glow_berries": {
      "trigger": "minecraft:inventory_changed",
      "conditions": {
        "items": [
          {
            "items": "minecraft:glow_berries" 
		  }
        ]
      }
	}
  },
  "requirements": [
    [
      "has_the_recipe",
	  "has_bottle",
	  "has_glow_berries",
	  "has_milk",
	  "has_sweet_berries"
    ]
  ],
  "rewards": {
    "recipes": [
      "morefoods:yogurt"
    ]
  }
}
