{
  "type": "minecraft:crafting_shapeless",
  "category": "misc",
  "ingredients": [
    [
      {
        "item": "minecraft:brown_mushroom"
      },
      {
        "item": "minecraft:red_mushroom"
      }
    ],
    [
      {
        "item": "minecraft:red_mushroom"
      },
      {
        "item": "minecraft:brown_mushroom"
      }
    ],
    {
      "item": "minecraft:bowl"
    }
  ],
  "result": {
    "id": "minecraft:mushroom_stew",
    "count": 1,
    "components": {
      "minecraft:max_stack_size": 8,
      "minecraft:food": {
        "nutrition": 6,
        "saturation": 7.2,
        "can_always_eat": true
      }
    }
  }
}
