{
  "type": "minecraft:crafting_shapeless",
  "category": "food",
  "ingredients": [
    {
      "item": "minecraft:apple"
    },
    {
      "item": "minecraft:apple"
    },
    {
      "item": "minecraft:sugar"
    },
    {
      "item": "minecraft:glass_bottle"
    }
  ],
  "result": {
    "id": "minecraft:honey_bottle",
    "count": 1,
    "components": {
      "minecraft:custom_model_data": 96,
      "minecraft:food": {
        "nutrition": 5,
        "saturation": 1.2,
        "can_always_eat": true,
        "effects": [
          {
            "effect": {
              "id": "minecraft:absorption",
              "amplifier": 0,
              "duration": 2000,
              "ambient": true,
              "show_particles": true,
              "show_icon": true
            }
          }
        ]
      },
      "minecraft:item_name": "{\"text\":\"Apple Juice\",\"italic\":false}"
    }
  }
}
