{
  "type": "minecraft:crafting_shapeless",
  "category": "food",
  "ingredients": [
    [
      {
        "item": "minecraft:cooked_cod"
      },
      {
        "item": "minecraft:cooked_salmon"
      }
    ],
    {
      "item": "minecraft:baked_potato"
    }
  ],
  "result": {
    "id": "minecraft:firework_star",
    "count": 1,
    "components": {
      "minecraft:custom_model_data": 132,
      "minecraft:food": {
        "nutrition": 10,
        "saturation": 11,
        "eat_seconds": 2
      },
      "minecraft:item_name": "{\"text\":\"Fish & Chips\",\"italic\":false}"
    }
  }
}