{
  "type": "minecraft:crafting_shaped",
  "category": "food",
  "pattern": [
    "KFK",
    "KFK",
    "KFK"
  ],
  "key": {
    "K": {
      "item": "minecraft:kelp"
    },
    "F": [
      {
        "item": "minecraft:cod"
      },
      {
        "item": "minecraft:cooked_cod"
      },
      {
        "item": "minecraft:salmon"
      },
      {
        "item": "minecraft:cooked_salmon"
      }
    ]
  },
  "result": {
    "id": "minecraft:firework_star",
    "count": 3,
    "components": {
      "minecraft:custom_model_data": 115,
      "minecraft:food": {
        "nutrition": 8,
        "saturation": 10
      },
      "minecraft:item_name": "{\"text\":\"Fish Roll\",\"italic\":false}"
    }
  }
}
