{
  "type": "minecraft:crafting_shaped",
  "category": "food",
  "pattern": [
    "TST",
    "BMB",
    " B "
  ],
  "key": {
    "T": [
      {
        "item": "minecraft:sweet_berries"
      },
      {
        "item": "minecraft:glow_berries"
      },
	  {
        "item": "minecraft:apple"
      },
	  {
        "item": "minecraft:chorus_fruit"
      }
    ],
    "B": {
      "item": "minecraft:glass_bottle"
    },
    "M": {
      "item": "minecraft:water_bucket"
    },
	"S": {
      "item": "minecraft:sugar"
    }
  },
  "result": {
    "id": "minecraft:honey_bottle",
    "count": 3,
    "components": {
      "minecraft:custom_model_data": 126,
      "minecraft:food": {
        "nutrition": 6,
        "saturation": 7.2
      },
      "minecraft:item_name": "{\"text\":\"Fruit Punch\",\"italic\":false}"
    }
  }
}
