{
  "type": "minecraft:crafting_shaped",
  "category": "food",
  "group": "donut",
  "pattern": [
    " W ",
    "WBW",
    " W "
  ],
  "key": {
    "W": {
      "item": "minecraft:wheat"
    },
    "B": {
      "item": "minecraft:glow_berries"
    }
  },
  "result": {
    "id": "minecraft:firework_star",
    "count": 2,
    "components": {
      "minecraft:custom_model_data": 114,
      "minecraft:food": {
        "nutrition": 8,
        "saturation": 9,
        "effects": [
          {
            "effect": {
              "id": "minecraft:glowing",
              "amplifier": 0,
              "duration": 100
            }
          }
        ]
      },
      "minecraft:item_name": "{\"text\":\"Filled Donut\",\"italic\":false}"
    }
  }
}
