{
  "type": "minecraft:crafting_shaped",
  "category": "food",
  "group": "bottle",
  "pattern": [
    "ABA",
    "CDC",
    " C "
  ],
  "key": {
    "A": {
      "item": "minecraft:golden_apple"
    },
    "B": {
      "item": "minecraft:sugar"
    },
    "C": {
      "item": "minecraft:glass_bottle"
    },
    "D": {
      "item": "minecraft:milk_bucket"
    }
  },
  "result": {
    "id": "minecraft:honey_bottle",
    "count": 3,
    "components": {
      "minecraft:custom_model_data": 99,
      "minecraft:food": {
        "nutrition": 6,
        "saturation": 10.8,
        "can_always_eat": true,
        "effects": [
          {
            "effect": {
              "id": "minecraft:speed",
              "amplifier": 0,
              "duration": 1200
            }
          },
          {
            "effect": {
              "id": "minecraft:regeneration",
              "amplifier": 1,
              "duration": 100
            }
          },
          {
            "effect": {
              "id": "minecraft:absorption",
              "amplifier": 1,
              "duration": 2400
            }
          }
        ]
      },
      "minecraft:item_name": "{\"text\":\"Golden Apple Juice\",\"italic\":false}",
      "minecraft:rarity": "rare"
    }
  }
}
