{
  "type": "minecraft:crafting_shapeless",
  "category": "food",
  "ingredients": [
    {
      "item": "minecraft:apple"
    },
    {
      "item": "minecraft:honey_bottle"
    }
  ],
  "result": {
    "id": "minecraft:firework_star",
    "count": 1,
    "components": {
      "minecraft:custom_model_data": 137,
      "minecraft:food": {
        "nutrition": 7,
        "saturation": 5,
        "effects": [
          {
            "effect": {
              "id": "minecraft:absorption",
              "amplifier": 0,
              "duration": 1200
            }
          },
          {
            "effect": {
              "id": "minecraft:speed",
              "amplifier": 0,
              "duration": 600
            },
            "probability": 0.4
          }
        ]
      },
      "minecraft:item_name": "{\"text\":\"Honeyed Apple\"}"
    }
  }
}
