{
  "type": "minecraft:crafting_shapeless",
  "category": "food",
  "group": "stonecutter",
  "ingredients": [
    {
      "item": "minecraft:sponge"
    },
	{
      "item": "minecraft:knowledge_book"
    }
  ],
  "result": {
    "id": "minecraft:tropical_fish",
    "count": 9,
    "components": {
      "minecraft:custom_name": "{\"text\":\"Cheese\",\"italic\":false}",
	  "minecraft:lore": [
	  "{\"text\":\"This recipe is used in a Stonecutter!\",\"color\":\"aqua\"}"
	  ]
    }
  }
}
