{
  "type": "minecraft:crafting_shaped",
  "category": "food",
  "group": "kabob",
  "pattern": [
    "X",
    "Z",
    "S"
  ],
  "key": {
    "X": {
	  "tag": "morefoods:cooked_meats"
	},
	"Z": {
      "tag": "morefoods:veg_burrito_ingredients"
    },
    "S": {
      "item": "minecraft:stick"
    }
  },
  "result": {
    "id": "minecraft:firework_star",
    "count": 1,
    "components": {
      "minecraft:custom_model_data": 133,
      "minecraft:food": {
        "nutrition": 6,
        "saturation": 14.4,
        "eat_seconds": 2.4
      },
      "minecraft:item_name": "{\"text\":\"Kabob\"}",
	  "minecraft:max_damage": 3,
	  "minecraft:damage": 0,
	  "minecraft:max_stack_size": 1
    }
  }
}
