{
  "type": "minecraft:crafting_shaped",
  "category": "food",
  "pattern": [
    "  R",
    " B ",
    "S  "
  ],
  "key": {
    "R": {
      "item": "minecraft:rotten_flesh"
    },
    "B": {
      "item": "minecraft:bone"
    },
    "S": {
      "item": "minecraft:fermented_spider_eye"
    }
  },
  "result": {
    "id": "minecraft:firework_star",
    "count": 1,
    "components": {
      "minecraft:custom_model_data": 127,
      "minecraft:food": {
        "nutrition": 1,
        "saturation": 0.1,
        "can_always_eat": true,
        "effects": [
          {
            "effect": {
              "id": "minecraft:hunger",
              "amplifier": 99,
              "duration": 300
            }
          },
          {
            "effect": {
              "id": "minecraft:nausea",
              "amplifier": 1,
              "duration": 200
            }
          }
        ]
      },
      "minecraft:item_name": "{\"text\":\"Monster Mash\",\"color\":\"red\"}",
      "minecraft:lore": [
        "{\"text\":\"This looks AND smells awful.\",\"color\":\"white\"}",
        "{\"text\":\"Nothing good can come from eating this.\",\"color\":\"white\"}"
      ]
    }
  }
}
