{
  "type": "minecraft:crafting_shaped",
  "category": "food",
  "pattern": [
    "ZBZ",
    "TTT",
    "YQY"
  ],
  "key": {
    "T": {
      "item": "minecraft:beetroot_soup"
    },
    "Y": {
      "item": "minecraft:wheat"
    },
    "Z": {
      "item": "minecraft:tropical_fish"
    },
    "Q": {
      "item": "minecraft:egg"
    },
    "B": {
      "tag": "morefoods:cooked_meats"
    }
  },
  "result": {
    "id": "minecraft:firework_star",
    "count": 1,
    "components": {
      "minecraft:custom_model_data": 102,
      "minecraft:food": {
        "nutrition": 9,
        "saturation": 12,
        "eat_seconds": 2
      },
      "minecraft:item_name": "{\"text\":\"Pizza Slice\",\"italic\":false}"
    }
  }
}
