{
  "type": "minecraft:crafting_shapeless",
  "category": "food",
  "ingredients": [
    {
      "item": "minecraft:baked_potato"
    },
    {
      "tag": "morefoods:cooked_meats"
    },
    {
      "item": "minecraft:bowl"
    },
    {
      "item": "minecraft:carrot"
    },
    [
      {
        "item": "minecraft:red_mushroom"
      },
      {
        "item": "minecraft:brown_mushroom"
      }
    ]
  ],
  "result": {
    "id": "minecraft:rabbit_stew",
    "count": 1,
    "components": {
      "minecraft:item_name": "{\"text\":\"Hearty Stew\",\"italic\":false}",
      "minecraft:max_stack_size": 8,
	  "minecraft:food": {
        "nutrition": 10,
        "saturation": 7.2,
        "can_always_eat": true,
		"is_meat": true
	  }
    }
  }
}
