{
  "type": "minecraft:crafting_shaped",
  "category": "food",
  "pattern": [
    " S ",
    "SBS",
    " W "
  ],
  "key": {
    "B": {
      "item": "minecraft:bone"
    },
    "W": {
      "item": "minecraft:water_bucket"
    },
    "S": {
      "item": "minecraft:wheat_seeds"
    }
  },
  "result": {
    "id": "minecraft:poisonous_potato",
    "count": 3,
    "components": {
      "minecraft:food": {
        "nutrition": 2,
        "saturation": 0.5,
		"can_always_eat": true
      },
      "minecraft:item_name": "{\"text\":\"Tofu\"}"
    }
  }
}
