{
  "type": "minecraft:crafting_shaped",
  "category": "food",
  "group": "taco",
  "pattern": [
    " C ",
    "WTW",
    " W "
  ],
  "key": {
    "C": {
      "item": "minecraft:tropical_fish"
    },
    "W": {
      "item": "minecraft:wheat"
    },
    "T": {
      "item": "minecraft:poisonous_potato"
    }
  },
  "result": {
    "id": "minecraft:firework_star",
    "count": 3,
    "components": {
      "minecraft:custom_model_data": 109,
      "minecraft:food": {
        "nutrition": 6,
        "saturation": 4
      },
      "minecraft:item_name": "{\"text\":\"Vegan Taco\",\"italic\":false}"
    }
  }
}
