{
  "type": "minecraft:crafting_shaped",
  "category": "food",
  "group": "burrito",
  "pattern": [
    "WCW",
    "WVW",
    "WSW"
  ],
  "key": {
    "W": {
      "item": "minecraft:wheat"
    },
    "C": {
      "item": "minecraft:tropical_fish"
    },
    "V": {
      "tag": "morefoods:veg_burrito_ingredients"
    },
    "S": {
      "item": "minecraft:mushroom_stew"
    }
  },
  "result": {
    "id": "minecraft:firework_star",
    "count": 3,
    "components": {
      "minecraft:custom_model_data": 107,
      "minecraft:food": {
        "nutrition": 9,
        "saturation": 9,
        "eat_seconds": 2.4
      },
      "minecraft:item_name": "{\"text\":\"Veggie Burrito\",\"italic\":false}"
    }
  }
}
