{
  "type": "minecraft:crafting_shaped",
  "category": "food",
  "pattern": [
    " T ",
    "BMB",
    " B "
  ],
  "key": {
    "T": [
      {
        "item": "minecraft:sweet_berries"
      },
      {
        "item": "minecraft:glow_berries"
      }
    ],
    "B": {
      "item": "minecraft:glass_bottle"
    },
    "M": {
      "item": "minecraft:milk_bucket"
    }
  },
  "result": {
    "id": "minecraft:honey_bottle",
    "count": 3,
    "components": {
      "minecraft:custom_model_data": 119,
      "minecraft:food": {
        "nutrition": 5,
        "saturation": 7.2
      },
      "minecraft:item_name": "{\"text\":\"Yogurt\",\"italic\":false}"
    }
  }
}
