{
  "type": "minecraft:smelting",
  "category": "food",
  "ingredient": {
    "item": "minecraft:rotten_flesh"
  },
  "result": {
    "id": "minecraft:firework_star",
    "components": {
      "minecraft:custom_model_data": 94,
      "minecraft:food": {
        "nutrition": 3,
        "saturation": 1,
        "effects": [
          {
            "effect": {
              "id": "minecraft:hunger",
              "amplifier": 0,
              "duration": 300,
              "ambient": true,
              "show_particles": true,
              "show_icon": true
            },
            "probability": 0.2
          }
        ]
      },
      "minecraft:item_name": "{\"text\":\"Zombie Jerky\",\"italic\":false}"
    }
  }
}
