{
  "display": {
    "icon": {
      "id": "minecraft:firework_star",
      "components": {
        "minecraft:custom_model_data": 127
      }
    },
    "title": "Extreme Dieting",
    "description": "Willingly consume some Monster Mash",
    "frame": "task",
    "show_toast": true,
    "announce_to_chat": true
  },
  "parent": "morefoods:root",
  "criteria": {
    "ate monster mash": {
      "trigger": "minecraft:consume_item",
      "conditions": {
        "player": [
          {
            "condition": "minecraft:all_of",
            "terms": [
              {
                "condition": "minecraft:entity_properties",
                "entity": "this",
                "predicate": {
                  "slots": {
                    "weapon.mainhand": {
                      "items": "minecraft:firework_star",
                      "components": {
                        "minecraft:custom_model_data": 127
                      }
                    }
                  }
                }
              }
            ]
          }
        ]
      }
    }
  }
}
