{
  "display": {
    "icon": {
      "id": "minecraft:firework_star",
      "components": {
        "minecraft:custom_model_data": 124
      }
    },
    "title": "A Dragon Slayer's Breakfast",
    "description": "Eat a Fried Dragon Egg, a meal fit only for a dragon slayer",
    "frame": "challenge",
    "show_toast": true,
    "announce_to_chat": true,
	"hidden": true
  },
  "parent": "morefoods:root",
  "criteria": {
    "ate_dragon_egg": {
      "trigger": "minecraft:consume_item",
      "conditions": {
        "item": {
          "items": "minecraft:firework_star",
          "components": {
            "minecraft:custom_model_data": 124
          }
        }
      }
    }
  }
}
