{
  "display": {
    "icon": {
      "id": "minecraft:firework_star",
      "components": {
        "minecraft:custom_model_data": 106
      }
    },
    "title": "Conk!",
    "description": "Find a Coconut from a Jungle Tree",
    "frame": "task",
    "show_toast": true,
    "announce_to_chat": true
  },
  "parent": "morefoods:root",
  "criteria": {
    "has_coconut": {
      "trigger": "minecraft:inventory_changed",
      "conditions": {
        "items": [
          {
            "items": "minecraft:firework_star",
            "components": {
              "minecraft:custom_model_data": 106
            }
          }
        ]
      }
    }
  }
}
