{
  "type": "minecraft:crafting_shaped",
  "category": "food",
  "pattern": [
    "XXX",
    "ZQZ",
    "YTY"
  ],
  "key": {
    "X": {
      "item": "minecraft:apple"
    },
    "Y": {
      "item": "minecraft:wheat"
    },
    "Z": {
      "item": "minecraft:sugar"
    },
    "Q": {
      "item": "minecraft:milk_bucket"
    },
	"T": {
      "item": "minecraft:egg"
    }
  },
  "result": {
    "id": "minecraft:firework_star",
    "count": 1,
    "components": {
      "minecraft:custom_model_data": 93,
      "minecraft:food": {
        "nutrition": 8,
        "saturation": 4.8
      },
      "minecraft:item_name": "{\"text\":\"Apple Pie\"}"
    }
  }
}
