{
  "type": "minecraft:crafting_shaped",
  "category": "food",
  "pattern": [
    "WWW",
    "WMW",
    " B "
  ],
  "key": {
    "W": {
      "item": "minecraft:wheat"
    },
    "M": {
      "item": "minecraft:milk_bucket"
    },
    "B": {
      "item": "minecraft:bowl"
    }
  },
  "result": {
    "id": "minecraft:mushroom_stew",
    "count": 1,
    "components": {
      "minecraft:custom_model_data": 136,
      "minecraft:food": {
        "nutrition": 6,
        "saturation": 8,
		"can_always_eat": true
      },
      "minecraft:item_name": "{\"text\":\"Bowl of Cereal\"}"
    }
  }
}
