{
  "type": "minecraft:crafting_shaped",
  "category": "food",
  "pattern": [
    "XXX",
    "ZQZ",
    "YTY"
  ],
  "key": {
    "X": {
      "item": "minecraft:tropical_fish"
    },
    "Y": {
      "item": "minecraft:wheat"
    },
    "Z": {
      "item": "minecraft:egg"
    },
    "Q": {
      "item": "minecraft:milk_bucket"
    },
    "T": {
      "item": "minecraft:sugar"
    }
  },
  "result": {
    "id": "minecraft:firework_star",
    "count": 1,
    "components": {
      "minecraft:custom_model_data": 116,
      "minecraft:food": {
        "nutrition": 9,
        "saturation": 4.5
      },
      "minecraft:item_name": "{\"text\":\"Cheesecake\"}"
    }
  }
}
