{
  "type": "minecraft:crafting_shaped",
  "category": "food",
  "group": "apples",
  "pattern": [
    "DDD",
    "DAD",
    "DDD"
  ],
  "key": {
    "D": {
      "item": "minecraft:emerald_block"
    },
    "A": {
      "item": "minecraft:enchanted_golden_apple"
    }
  },
  "result": {
    "id": "minecraft:firework_star",
    "count": 1,
    "components": {
      "minecraft:custom_model_data": 118,
      "minecraft:food": {
        "nutrition": 4,
        "saturation": 9.6,
        "can_always_eat": true,
        "effects": [
          {
            "effect": {
              "id": "minecraft:luck",
              "amplifier": 4,
              "duration": 2400
            }
          },
          {
            "effect": {
              "id": "minecraft:hero_of_the_village",
              "duration": 1200
            }
          },
          {
            "effect": {
              "id": "minecraft:fire_resistance",
              "amplifier": 0,
              "duration": 6000
            }
          },
          {
            "effect": {
              "id": "minecraft:absorption",
              "amplifier": 2,
              "duration": 2400
            }
          },
          {
            "effect": {
              "id": "minecraft:regeneration",
              "amplifier": 2,
              "duration": 400
            }
          },
          {
            "effect": {
              "id": "minecraft:resistance",
              "amplifier": 1,
              "duration": 3000
            }
          }
        ]
      },
      "minecraft:item_name": "{\"text\":\"Enchanted Emerald Apple\"}",
      "minecraft:rarity": "epic",
      "minecraft:enchantment_glint_override": true
    }
  }
}
