{
  "type": "minecraft:crafting_shaped",
  "category": "food",
  "group": "donut",
  "pattern": [
    " W ",
    "WBW",
    " W "
  ],
  "key": {
    "W": {
      "item": "minecraft:wheat"
    },
    "B": {
      "item": "minecraft:sweet_berries"
    }
  },
  "result": {
    "id": "minecraft:firework_star",
    "count": 2,
    "components": {
      "minecraft:custom_model_data": 113,
      "minecraft:food": {
        "nutrition": 8,
        "saturation": 9
      },
      "minecraft:item_name": "{\"text\":\"Filled Donut\"}"
    }
  }
}
