{
  "type": "minecraft:crafting_shapeless",
  "category": "food",
  "group": "pumpkin pie",
  "ingredients": [
    {
      "item": "minecraft:pumpkin"
    },
    {
      "item": "minecraft:sugar"
    },
    {
      "item": "minecraft:egg"
    },
	{
	  "item": "minecraft:milk_bucket"
	}
  ],
  "result": {
    "id": "minecraft:firework_star",
    "count": 1,
    "components": {
      "minecraft:custom_model_data": 128,
      "minecraft:food": {
        "nutrition": 9,
        "saturation": 6,
        "effects": [
          {
            "effect": {
              "id": "minecraft:speed",
              "duration": 600
            }
          }
        ]
      },
      "minecraft:item_name": "{\"text\":\"Frosted Pumpkin Pie\"}"
    }
  }
}
