{
  "type": "minecraft:crafting_shaped",
  "category": "food",
  "group": "donut",
  "pattern": [
    " M ",
    "SWS",
    "WWW"
  ],
  "key": {
    "W": {
      "item": "minecraft:wheat"
    },
    "M": {
      "item": "minecraft:milk_bucket"
    },
    "S": {
      "item": "minecraft:sugar"
    }
  },
  "result": {
    "id": "minecraft:firework_star",
    "count": 3,
    "components": {
      "minecraft:custom_model_data": 112,
      "minecraft:food": {
        "nutrition": 6,
        "saturation": 9,
        "effects": [
          {
            "effect": {
              "id": "minecraft:speed",
              "amplifier": 0,
              "duration": 120
            }
          },
          {
            "effect": {
              "id": "minecraft:haste",
              "amplifier": 0,
              "duration": 60
            },
            "probability": 0.8
          }
        ]
      },
      "minecraft:item_name": "{\"text\":\"Glazed Donut\"}"
    }
  }
}
