{
  "type": "minecraft:crafting_shaped",
  "category": "food",
  "group": "cookie",
  "pattern": [
    "#X#"
  ],
  "key": {
    "#": {
      "item": "minecraft:wheat"
    },
    "X": {
      "item": "minecraft:glow_berries"
    }
  },
  "result": {
    "id": "minecraft:firework_star",
    "count": 8,
    "components": {
      "minecraft:custom_model_data": 122,
      "minecraft:food": {
        "nutrition": 2,
        "saturation": 0.4,
        "can_always_eat": true,
        "eat_seconds": 1,
        "effects": [
          {
            "effect": {
              "id": "minecraft:glowing",
              "duration": 100
            }
          }
        ]
      },
      "minecraft:item_name": "{\"text\":\"Berry Cookie\"}"
    }
  }
}
