{
  "type": "minecraft:crafting_shapeless",
  "category": "redstone",
  "ingredients": [
    {
      "item": "minecraft:honey_block"
    }
  ],
  "result": {
    "id": "minecraft:slime_ball",
    "count": 1,
    "components": {
      "minecraft:custom_model_data": 138,
      "minecraft:food": {
        "nutrition": 6,
        "saturation": 1.4,
        "eat_seconds": 2,
        "effects": [
          {
            "effect": {
              "id": "minecraft:absorption",
              "amplifier": 1,
              "duration": 1200
            }
          }
        ]
      },
      "minecraft:item_name": "{\"text\":\"Honeyball\"}",
      "minecraft:lore": [
        "{\"text\":\"Slow to eat, but also doubles\",\"color\":\"white\",\"italic\":false}",
        "{\"text\":\"as a slimeball for recipes!\",\"color\":\"white\",\"italic\":false}"
      ]
    }
  }
}
