{
  "type": "minecraft:crafting_shapeless",
  "category": "food",
  "ingredients": [
    {
      "item": "minecraft:cocoa_beans"
    },
    {
      "item": "minecraft:cocoa_beans"
    },
    {
      "item": "minecraft:sugar"
    },
    {
      "item": "minecraft:glass_bottle"
    }
  ],
  "result": {
    "id": "minecraft:honey_bottle",
    "count": 1,
    "components": {
      "minecraft:custom_model_data": 98,
      "minecraft:food": {
        "nutrition": 6,
        "saturation": 1.2,
        "can_always_eat": true,
        "effects": [
          {
            "effect": {
              "id": "minecraft:speed",
              "amplifier": 0,
              "duration": 2400
            }
          }
        ]
      },
      "minecraft:item_name": "{\"text\":\"Hot Cocoa\"}"
    }
  }
}
