{
  "type": "minecraft:crafting_shapeless",
  "category": "food",
  "group": "ice",
  "ingredients": [
    {
      "item": "minecraft:bowl"
    },
    {
      "item": "minecraft:powder_snow_bucket"
    },
    {
      "item": "minecraft:milk_bucket"
    },
    {
      "item": "minecraft:sugar"
    }
  ],
  "result": {
    "id": "minecraft:mushroom_stew",
    "count": 1,
    "components": {
      "minecraft:custom_model_data": 130,
      "minecraft:food": {
        "nutrition": 3,
        "saturation": 1,
        "can_always_eat": true
      },
      "minecraft:item_name": "{\"text\":\"Bowl of Ice Cream\"}"
    }
  }
}
