{
  "type": "minecraft:crafting_shapeless",
  "category": "food",
  "group": "stonecutter",
  "ingredients": [
    {
      "item": "minecraft:pumpkin"
    },
	{
      "item": "minecraft:knowledge_book"
    }
  ],
  "result": {
    "id": "minecraft:pumpkin_seeds",
    "count": 4,
    "components": {
	  "minecraft:custom_model_data": 100,
      "minecraft:item_name": "{\"text\":\"Pumpkin Slice\"}",
	  "minecraft:lore": [
	  "{\"text\":\"This recipe is used in a Stonecutter!\",\"color\":\"aqua\"}"
	  ]
    }
  }
}
