{
  "type": "minecraft:crafting_shapeless",
  "category": "food",
  "group": "stonecutter",
  "ingredients": [
    {
      "item": "minecraft:cake"
    },
	{
      "item": "minecraft:knowledge_book"
    }
  ],
  "result": {
    "id": "minecraft:firework_star",
    "count": 7,
    "components": {
	  "minecraft:custom_model_data": 91,
      "minecraft:custom_name": "{\"text\":\"Slice of Cake\",\"italic\":false}",
	  "minecraft:lore": [
	  "{\"text\":\"This recipe is used in a Stonecutter!\",\"color\":\"aqua\"}"
	  ]
    }
  }
}
