{
  "type": "minecraft:crafting_shaped",
  "category": "food",
  "group": "donut",
  "pattern": [
    " W ",
    "W W",
    " W "
  ],
  "key": {
    "W": {
      "item": "minecraft:wheat"
    }
  },
  "result": {
    "id": "minecraft:firework_star",
    "count": 2,
    "components": {
      "minecraft:custom_model_data": 111,
      "minecraft:food": {
        "nutrition": 6,
        "saturation": 7
      },
      "minecraft:item_name": "{\"text\":\"Plain Donut\"}"
    }
  }
}
