{
  "type": "minecraft:crafting_shapeless",
  "category": "food",
  "ingredients": [
    {
      "item": "minecraft:bowl"
    },
    [
      {
        "item": "minecraft:short_grass"
      },
      {
        "item": "minecraft:fern"
      },
      {
        "item": "minecraft:bamboo"
      },
	  {
        "item": "minecraft:carrot"
      },
      {
        "item": "minecraft:dried_kelp"
      }
    ],
    [
      {
        "item": "minecraft:short_grass"
      },
      {
        "item": "minecraft:fern"
      },
      {
        "item": "minecraft:bamboo"
      },
	  {
        "item": "minecraft:carrot"
      },
      {
        "item": "minecraft:dried_kelp"
      }
    ],
	{
        "item": "minecraft:beetroot"
    }
  ],
  "result": {
    "id": "minecraft:mushroom_stew",
    "count": 1,
    "components": {
      "minecraft:item_name": "{\"text\":\"Salad\"}",
      "minecraft:max_stack_size": 1,
      "minecraft:food": {
        "nutrition": 3,
        "saturation": 1,
        "can_always_eat": true
      },
      "minecraft:custom_model_data": 101
    }
  }
}
