{
  "type": "minecraft:crafting_shaped",
  "category": "food",
  "pattern": [
    "BBB",
    "MCT",
    "BBB"
  ],
  "key": {
    "B": {
      "item": "minecraft:wheat"
    },
    "M": {
      "tag": "morefoods:cooked_meats"
    },
    "T": {
      "item": "minecraft:beetroot"
    },
    "C": {
      "item": "minecraft:tropical_fish"
    }
  },
  "result": {
    "id": "minecraft:firework_star",
    "count": 1,
    "components": {
      "minecraft:custom_model_data": 97,
      "minecraft:food": {
        "nutrition": 12,
        "saturation": 11,
        "eat_seconds": 3.22
      },
      "minecraft:item_name": "{\"text\":\"MCT Sandwich\"}"
    }
  }
}
