{
  "type": "minecraft:crafting_shaped",
  "category": "food",
  "pattern": [
    "K",
    "F",
    "K"
  ],
  "key": {
    "K": {
      "item": "minecraft:dried_kelp"
    },
    "F": [
      {
        "item": "minecraft:cod"
      },
      {
        "item": "minecraft:cooked_cod"
      },
      {
        "item": "minecraft:salmon"
      },
      {
        "item": "minecraft:cooked_salmon"
      }
    ]
  },
  "result": {
    "id": "minecraft:firework_star",
    "count": 2,
    "components": {
      "minecraft:custom_model_data": 115,
      "minecraft:food": {
        "nutrition": 5,
        "saturation": 4
      },
      "minecraft:item_name": "{\"text\":\"Sea Snack\"}"
    }
  }
}
