{
  "type": "minecraft:crafting_shapeless",
  "category": "food",
  "ingredients": [
    {
      "item": "minecraft:baked_potato"
    },
    {
      "tag": "morefoods:cooked_meats"
    },
    {
      "tag": "morefoods:veg_burrito_ingredients"
    },
    {
      "item": "minecraft:milk_bucket"
    }
  ],
  "result": {
    "id": "minecraft:firework_star",
    "count": 1,
    "components": {
      "minecraft:custom_model_data": 139,
      "minecraft:food": {
        "nutrition": 9,
        "saturation": 7
      },
      "minecraft:item_name": "{\"text\":\"Stuffed Potato\"}"
    }
  }
}
