{
  "type": "minecraft:crafting_shaped",
  "category": "food",
  "group": "taco",
  "pattern": [
    " C ",
    "WMW",
    " W "
  ],
  "key": {
    "C": {
      "item": "minecraft:tropical_fish"
    },
    "W": {
      "item": "minecraft:wheat"
    },
    "M": {
      "tag": "morefoods:cooked_meats"
    }
  },
  "result": {
    "id": "minecraft:firework_star",
    "count": 3,
    "components": {
      "minecraft:custom_model_data": 108,
      "minecraft:food": {
        "nutrition": 8,
        "saturation": 6
      },
      "minecraft:item_name": "{\"text\":\"Taco\"}"
    }
  }
}
