{
  "display": {
    "icon": {
      "id": "minecraft:slime_block"
    },
    "title": "Accidental Alchemy",
    "description": "Craft a Slime Block from Honeyballs",
    "frame": "task",
    "show_toast": true,
    "announce_to_chat": true
  },
  "parent": "morefoods:multipurpose_snack",
  "criteria": {
    "crafted slime block": {
      "trigger": "minecraft:recipe_crafted",
      "conditions": {
        "recipe_id": "minecraft:slime_block",
        "ingredients": [
          {
            "items": "minecraft:slime_ball",
            "components": {
              "minecraft:custom_model_data": 138
            }
          }
        ]
      }
    }
  }
}
