{
  "display": {
    "icon": {
      "id": "minecraft:honey_bottle"
    },
    "title": "Syrup, But From Bees",
    "description": "Use a Glass Bottle to get honey from a Bee Nest or a Beehive. \nCareful, they may not take too kindly to that!",
    "frame": "task",
    "show_toast": true,
    "announce_to_chat": true
  },
  "parent": "morefoods:crafted_food",
  "criteria": {
    "has honey": {
      "trigger": "minecraft:item_used_on_block",
      "conditions": {
        "location": [
          {
            "condition": "minecraft:location_check",
            "predicate": {
              "block": {
                "blocks": "#minecraft:beehives"
              }
            }
          },
          {
            "condition": "minecraft:match_tool",
            "predicate": {
              "items": "minecraft:glass_bottle"
            }
          }
        ]
      }
    }
  }
}