{
  "display": {
    "icon": {
      "id": "minecraft:firework_star",
      "components": {
        "minecraft:custom_model_data": 125
      }
    },
    "title": "A Caveman's Breakfast",
    "description": "Eat a Fried Sniffer Egg. It\'s packed full of ancient nutrients!",
    "frame": "task",
    "show_toast": true,
    "announce_to_chat": true
  },
  "parent": "morefoods:cranking_the_heat",
  "criteria": {
    "ate_sniffer_egg": {
      "trigger": "minecraft:consume_item",
      "conditions": {
        "item": {
          "items": "minecraft:firework_star",
          "components": {
            "minecraft:custom_model_data": 125
          }
        }
      }
    }
  }
}
