{
  "display": {
    "icon": {
      "id": "minecraft:blast_furnace"
    },
    "title": "Cranking Up The Heat",
    "description": "For when a regular Furnace simply isn\'t hot enough",
    "frame": "task",
    "show_toast": true,
    "announce_to_chat": true
  },
  "parent": "morefoods:crafted_food",
  "criteria": {
    "smelted flesh": {
      "trigger": "minecraft:recipe_crafted",
      "conditions": {
        "recipe_id": "morefoods:blasting/leather"
      }
	},
	"smelted dragon egg": {
      "trigger": "minecraft:recipe_crafted",
      "conditions": {
        "recipe_id": "morefoods:blasting/fried_dragon_egg"
      }
	},
	"smelted sniffer egg": {
      "trigger": "minecraft:recipe_crafted",
      "conditions": {
        "recipe_id": "morefoods:blasting/sniffer_fried_egg"
      }
	},
	"has blast furnace": {
      "trigger": "minecraft:inventory_changed",
      "conditions": {
        "items": [
          {
            "items": "minecraft:blast_furnace"
          }
        ]
      }
    }
  },
  "requirements": [
    [
      "smelted flesh",
	  "smelted dragon egg",
	  "smelted sniffer egg",
	  "has blast furnace"
    ]
  ]
}
