{
  "display": {
    "icon": {
      "id": "minecraft:firework_star",
      "components": {
        "minecraft:custom_model_data": 94
      }
    },
    "title": "Desperate Times",
    "description": "Eat some Zombie Jerky. \nAt least it\'s a *little* safer to eat now?",
    "frame": "task",
    "show_toast": true,
    "announce_to_chat": true
  },
  "parent": "morefoods:crafted_food",
  "criteria": {
    "ate zombie jerky": {
      "trigger": "minecraft:consume_item",
      "conditions": {
        "item": {
          "items": "minecraft:firework_star",
          "components": {
            "minecraft:custom_model_data": 94
          }
        }
      }
    }
  }
}
