{
  "display": {
    "icon": {
      "id": "minecraft:honeycomb"
    },
    "title": "Hey, That's Ours!",
    "description": "Use Shears to scrape some Honeycomb from a Bee Nest or a Beehive, then run away and eat it",
    "frame": "task",
    "show_toast": true,
    "announce_to_chat": true
  },
  "parent": "morefoods:bee_syrup",
  "criteria": {
	"used shears": {
      "trigger": "minecraft:item_used_on_block",
      "conditions": {
        "location": [
          {
            "condition": "minecraft:location_check",
            "predicate": {
              "block": {
                "blocks": "#minecraft:beehives"
              }
            }
          },
          {
            "condition": "minecraft:match_tool",
            "predicate": {
              "items": "minecraft:shears"
            }
          }
        ]
      }
    },
    "ate honeycomb": {
      "trigger": "minecraft:consume_item",
      "conditions": {
        "item": {
          "items": "minecraft:honeycomb"
        }
      }
    }
  }
}
