{
  "display": {
    "icon": {
      "id": "minecraft:written_book",
      "components": {
        "minecraft:custom_model_data": 90
      }
    },
    "title": "Cooking For Dummies",
    "description": "Obtain the Gourmand's Digest",
    "frame": "task",
    "show_toast": true,
    "announce_to_chat": true
  },
  "parent": "morefoods:root",
  "criteria": {
    "has book": {
      "trigger": "minecraft:inventory_changed",
      "conditions": {
        "items": [
          {
            "items": "minecraft:written_book",
            "components": {
              "minecraft:custom_model_data": 90
            }
          }
        ]
      }
    }
  }
}
