{
  "display": {
    "icon": {
      "id": "minecraft:firework_star",
      "components": {
        "minecraft:custom_model_data": 141
      }
    },
    "title": "Juicy Fruit",
    "description": "Find a Mango from a Mangrove Tree",
    "frame": "task",
    "show_toast": true,
    "announce_to_chat": true
  },
  "parent": "morefoods:hairy_apple",
  "criteria": {
    "has_mango": {
      "trigger": "minecraft:inventory_changed",
      "conditions": {
        "items": [
          {
            "items": "minecraft:firework_star",
            "components": {
              "minecraft:custom_model_data": 141
            }
          }
        ]
      }
    }
  }
}
