{
  "display": {
    "icon": {
      "id": "minecraft:honey_bottle",
      "components": {
        "minecraft:custom_model_data": 99
      }
    },
    "title": "Jumbo Juice",
    "description": "Drink Golden Apple Juice",
    "frame": "task",
    "show_toast": true,
    "announce_to_chat": true
  },
  "parent": "morefoods:crafted_food",
  "criteria": {
    "ate golden apple juice": {
      "trigger": "minecraft:consume_item",
      "conditions": {
        "player": [
          {
            "condition": "minecraft:all_of",
            "terms": [
              {
                "condition": "minecraft:entity_properties",
                "entity": "this",
                "predicate": {
                  "slots": {
                    "weapon.*": {
                      "items": "minecraft:honey_bottle",
                      "components": {
                        "minecraft:custom_model_data": 99
                      }
                    }
                  }
                }
              }
            ]
          }
        ]
      }
    }
  }
}
