{
  "display": {
    "icon": {
      "id": "minecraft:honey_bottle",
      "components": {
        "minecraft:custom_model_data": 99,
		"minecraft:enchantment_glint_override": true
      }
    },
    "title": "JUMBO Jumbo Juice",
    "description": "Drink Enchanted Golden Apple Juice",
    "frame": "goal",
    "show_toast": true,
    "announce_to_chat": true,
	"hidden": true
  },
  "parent": "morefoods:jumbo_juice",
  "criteria": {
    "ate enchanted golden apple juice": {
      "trigger": "minecraft:consume_item",
      "conditions": {
        "player": [
          {
            "condition": "minecraft:all_of",
            "terms": [
              {
                "condition": "minecraft:entity_properties",
                "entity": "this",
                "predicate": {
                  "slots": {
                    "weapon.*": {
                      "items": "minecraft:honey_bottle",
                      "components": {
                        "minecraft:custom_model_data": 99,
						"minecraft:enchantment_glint_override": true
                      }
                    }
                  }
                }
              }
            ]
          }
        ]
      }
    }
  }
}
