{
  "display": {
    "icon": {
      "id": "minecraft:bone"
    },
    "title": "Literally Starving",
    "description": "Be totally, absolutely hungry.\nWell? What are you waiting for?! Go eat something before you die!",
    "frame": "task",
    "show_toast": true,
    "announce_to_chat": true
  },
  "parent": "morefoods:crafted_food",
  "criteria": {
    "is full": {
      "trigger": "minecraft:tick",
      "conditions": {
        "player": [
          {
            "condition": "minecraft:reference",
            "name": "morefoods:is_starving"
          }
        ]
      }
    }
  }
}
