{
  "display": {
    "icon": {
      "id": "minecraft:stonecutter"
    },
    "title": "Making The Cut",
    "description": "Use a Stonecutter to slice a food into smaller, easier to eat foods",
    "frame": "task",
    "show_toast": true,
    "announce_to_chat": true
  },
  "parent": "morefoods:crafted_food",
  "criteria": {
    "cake slice": {
      "trigger": "minecraft:recipe_crafted",
      "conditions": {
        "recipe_id": "morefoods:stonecutting/cake_slice"
      }
    },
    "cheese from end stone": {
      "trigger": "minecraft:recipe_crafted",
      "conditions": {
        "recipe_id": "morefoods:stonecutting/cheese_from_end_stone"
      }
    },
    "cheese from sponge": {
      "trigger": "minecraft:recipe_crafted",
      "conditions": {
        "recipe_id": "morefoods:stonecutting/cheese_from_sponge"
      }
    },
    "cut potatoes": {
      "trigger": "minecraft:recipe_crafted",
      "conditions": {
        "recipe_id": "morefoods:stonecutting/cut_potatoes"
      }
    },
    "pumpkin pie slice": {
      "trigger": "minecraft:recipe_crafted",
      "conditions": {
        "recipe_id": "morefoods:stonecutting/pumpkin_pie_slice"
      }
    },
    "pumpkin slice": {
      "trigger": "minecraft:recipe_crafted",
      "conditions": {
        "recipe_id": "morefoods:stonecutting/pumpkin_slice"
      }
    }
  },
  "requirements": [
    [
      "cut potatoes",
      "cheese from sponge",
      "cheese from end stone",
      "cake slice",
      "pumpkin pie slice",
      "pumpkin slice"
    ]
  ]
}
