{
  "display": {
    "icon": {
      "id": "minecraft:slime_ball",
      "components": {
        "minecraft:custom_model_data": 138
      }
    },
    "title": "A Multipurpose Snack",
    "description": "Craft a Honeyball",
    "frame": "task",
    "show_toast": true,
    "announce_to_chat": true
  },
  "parent": "morefoods:bee_syrup",
  "criteria": {
    "crafted honeyball": {
      "trigger": "minecraft:recipe_crafted",
      "conditions": {
        "recipe_id": "morefoods:honey_ball"
      }
    }
  }
}
