{
  "display": {
    "icon": {
      "id": "minecraft:firework_star",
      "components": {
        "minecraft:custom_model_data": 97
      }
    },
    "title": "No Room For Seconds",
    "description": "Be the opposite of completely hungry.\nThe easiest way to pull this off is to just... keep eating until you get full.",
    "frame": "goal",
    "show_toast": true,
    "announce_to_chat": true
  },
  "parent": "morefoods:literally_starving",
  "criteria": {
    "is full": {
      "trigger": "minecraft:tick",
      "conditions": {
        "player": [
          {
            "condition": "minecraft:reference",
            "name": "morefoods:is_full"
          }
        ]
      }
    }
  }
}
