{
  "display": {
    "icon": {
      "id": "minecraft:firework_star",
      "components": {
        "minecraft:custom_model_data": 140
      }
    },
    "title": "Quite Appeeling",
    "description": "Find a Banana from an Acacia Tree",
    "frame": "task",
    "show_toast": true,
    "announce_to_chat": true
  },
  "parent": "morefoods:crafted_food",
  "criteria": {
    "has_banana": {
      "trigger": "minecraft:inventory_changed",
      "conditions": {
        "items": [
          {
            "items": "minecraft:firework_star",
            "components": {
              "minecraft:custom_model_data": 140
            }
          }
        ]
      }
    }
  }
}
