{
  "display": {
    "icon": {
      "id": "minecraft:cake"
    },
    "title": "A Redditor's Breakfast",
    "description": "Eat 675,767 calories worth of Cake, whole. \nWow. Guess you CAN have your cake and eat it too...",
    "frame": "task",
    "show_toast": true,
    "announce_to_chat": true
  },
  "parent": "morefoods:crafted_food",
  "criteria": {
    "ate entire cake and didn't pass out from it": {
      "trigger": "minecraft:consume_item",
      "conditions": {
        "item": {
          "items": "minecraft:cake"
        }
      }
    }
  }
}
