{
  "display": {
    "icon": {
      "id": "minecraft:firework_star",
      "components": {
        "minecraft:custom_model_data": 117,
        "minecraft:enchantment_glint_override": true
      }
    },
    "title": "The Gourmand",
    "description": "Eat every food added by the More Foods Datapack, and probably still be hungry somehow",
    "frame": "challenge",
    "show_toast": true,
    "announce_to_chat": true
  },
  "parent": "morefoods:root",
  "criteria": {
    "fried egg": {
      "trigger": "minecraft:consume_item",
      "conditions": {
        "item": {
          "items": "minecraft:firework_star",
          "components": {
            "minecraft:custom_model_data": 90
          }
        }
      }
    },
    "cake slice": {
      "trigger": "minecraft:consume_item",
      "conditions": {
        "item": {
          "items": "minecraft:firework_star",
          "components": {
            "minecraft:custom_model_data": 91
          }
        }
      }
    },
    "pumpkin pie slice": {
      "trigger": "minecraft:consume_item",
      "conditions": {
        "item": {
          "items": "minecraft:firework_star",
          "components": {
            "minecraft:custom_model_data": 92
          }
        }
      }
    },
    "apple pie": {
      "trigger": "minecraft:consume_item",
      "conditions": {
        "item": {
          "items": "minecraft:firework_star",
          "components": {
            "minecraft:custom_model_data": 93
          }
        }
      }
    },
    "zombie jerky": {
      "trigger": "minecraft:consume_item",
      "conditions": {
        "item": {
          "items": "minecraft:firework_star",
          "components": {
            "minecraft:custom_model_data": 94
          }
        }
      }
    },
    "apple pie slice": {
      "trigger": "minecraft:consume_item",
      "conditions": {
        "item": {
          "items": "minecraft:firework_star",
          "components": {
            "minecraft:custom_model_data": 95
          }
        }
      }
    },
    "apple juice": {
      "trigger": "minecraft:consume_item",
      "conditions": {
        "item": {
          "items": "minecraft:honey_bottle",
          "components": {
            "minecraft:custom_model_data": 96
          }
        }
      }
    },
    "sandwich": {
      "trigger": "minecraft:consume_item",
      "conditions": {
        "item": {
          "items": "minecraft:firework_star",
          "components": {
            "minecraft:custom_model_data": 97
          }
        }
      }
    },
    "hot cocoa": {
      "trigger": "minecraft:consume_item",
      "conditions": {
        "item": {
          "items": "minecraft:honey_bottle",
          "components": {
            "minecraft:custom_model_data": 98
          }
        }
      }
    },
    "golden apple juice": {
      "trigger": "minecraft:consume_item",
      "conditions": {
        "item": {
          "items": "minecraft:honey_bottle",
          "components": {
            "minecraft:custom_model_data": 99
          }
        }
      }
    },
	"enchanted golden apple juice": {
      "trigger": "minecraft:consume_item",
      "conditions": {
        "item": {
          "items": "minecraft:honey_bottle",
          "components": {
            "minecraft:custom_model_data": 99,
			"minecraft:enchantment_glint_override": true
          }
        }
      }
    },
    "pumpkin slice": {
      "trigger": "minecraft:consume_item",
      "conditions": {
        "item": {
          "items": "minecraft:pumpkin_seeds",
          "components": {
            "minecraft:custom_model_data": 100
          }
        }
      }
    },
    "salad": {
      "trigger": "minecraft:consume_item",
      "conditions": {
        "item": {
          "items": "minecraft:mushroom_stew",
          "components": {
            "minecraft:custom_model_data": 101
          }
        }
      }
    },
    "meaty pizza slice": {
      "trigger": "minecraft:consume_item",
      "conditions": {
        "item": {
          "items": "minecraft:firework_star",
          "components": {
            "minecraft:custom_model_data": 102
          }
        }
      }
    },
    "cut potatoes": {
      "trigger": "minecraft:consume_item",
      "conditions": {
        "item": {
          "items": "minecraft:firework_star",
          "components": {
            "minecraft:custom_model_data": 103
          }
        }
      }
    },
	"burrito": {
      "trigger": "minecraft:consume_item",
      "conditions": {
        "item": {
          "items": "minecraft:firework_star",
          "components": {
            "minecraft:custom_model_data": 104
          }
        }
      }
    },
    "cheese": {
      "trigger": "minecraft:consume_item",
      "conditions": {
        "item": {
          "items": "minecraft:tropical_fish",
          "components": {
            "minecraft:food": {
              "nutrition": 4,
              "saturation": 3.6
            }
          }
        }
      }
    },
    "coconut": {
      "trigger": "minecraft:consume_item",
      "conditions": {
        "item": {
          "items": "minecraft:firework_star",
          "components": {
            "minecraft:custom_model_data": 106
          }
        }
      }
    },
    "veg burrito": {
      "trigger": "minecraft:consume_item",
      "conditions": {
        "item": {
          "items": "minecraft:firework_star",
          "components": {
            "minecraft:custom_model_data": 107
          }
        }
      }
    },
    "taco": {
      "trigger": "minecraft:consume_item",
      "conditions": {
        "item": {
          "items": "minecraft:firework_star",
          "components": {
            "minecraft:custom_model_data": 108
          }
        }
      }
    },
    "veg taco": {
      "trigger": "minecraft:consume_item",
      "conditions": {
        "item": {
          "items": "minecraft:firework_star",
          "components": {
            "minecraft:custom_model_data": 109
          }
        }
      }
    },
    "tofu": {
      "trigger": "minecraft:consume_item",
      "conditions": {
        "item": {
          "items": "minecraft:poisonous_potato",
          "components": {
            "minecraft:food": {
              "nutrition": 2,
              "saturation": 0.5,
			  "can_always_eat": true
            }
          }
        }
      }
    },
    "plain donut": {
      "trigger": "minecraft:consume_item",
      "conditions": {
        "item": {
          "items": "minecraft:firework_star",
          "components": {
            "minecraft:custom_model_data": 111
          }
        }
      }
    },
    "glazed donut": {
      "trigger": "minecraft:consume_item",
      "conditions": {
        "item": {
          "items": "minecraft:firework_star",
          "components": {
            "minecraft:custom_model_data": 112
          }
        }
      }
    },
    "filled donut": {
      "trigger": "minecraft:consume_item",
      "conditions": {
        "item": {
          "items": "minecraft:firework_star",
          "components": {
            "minecraft:custom_model_data": 113
          }
        }
      }
    },
    "glow filled donut": {
      "trigger": "minecraft:consume_item",
      "conditions": {
        "item": {
          "items": "minecraft:firework_star",
          "components": {
            "minecraft:custom_model_data": 114
          }
        }
      }
    },
    "sea snack": {
      "trigger": "minecraft:consume_item",
      "conditions": {
        "item": {
          "items": "minecraft:firework_star",
          "components": {
            "minecraft:custom_model_data": 115
          }
        }
      }
    },
    "cheesecake": {
      "trigger": "minecraft:consume_item",
      "conditions": {
        "item": {
          "items": "minecraft:firework_star",
          "components": {
            "minecraft:custom_model_data": 116
          }
        }
      }
    },
    "diamond apple": {
      "trigger": "minecraft:consume_item",
      "conditions": {
        "item": {
          "items": "minecraft:firework_star",
          "components": {
            "minecraft:custom_model_data": 117
          }
        }
      }
    },
    "emerald apple": {
      "trigger": "minecraft:consume_item",
      "conditions": {
        "item": {
          "items": "minecraft:firework_star",
          "components": {
            "minecraft:custom_model_data": 118
          }
        }
      }
    },
	"enchanted diamond apple": {
      "trigger": "minecraft:consume_item",
      "conditions": {
        "item": {
          "items": "minecraft:firework_star",
          "components": {
            "minecraft:custom_model_data": 117,
			"minecraft:enchantment_glint_override": true
          }
        }
      }
    },
    "enchanted emerald apple": {
      "trigger": "minecraft:consume_item",
      "conditions": {
        "item": {
          "items": "minecraft:firework_star",
          "components": {
            "minecraft:custom_model_data": 118,
			"minecraft:enchantment_glint_override": true
          }
        }
      }
    },
    "yogurt": {
      "trigger": "minecraft:consume_item",
      "conditions": {
        "item": {
          "items": "minecraft:honey_bottle",
          "components": {
            "minecraft:custom_model_data": 119
          }
        }
      }
    },
    "cocoa cookie": {
      "trigger": "minecraft:consume_item",
      "conditions": {
        "item": {
          "items": "minecraft:firework_star",
          "components": {
            "minecraft:custom_model_data": 120
          }
        }
      }
    },
    "berry cookie": {
      "trigger": "minecraft:consume_item",
      "conditions": {
        "item": {
          "items": "minecraft:firework_star",
          "components": {
            "minecraft:custom_model_data": 121
          }
        }
      }
    },
    "glow berry cookie": {
      "trigger": "minecraft:consume_item",
      "conditions": {
        "item": {
          "items": "minecraft:firework_star",
          "components": {
            "minecraft:custom_model_data": 122
          }
        }
      }
    },
    "honey cookie": {
      "trigger": "minecraft:consume_item",
      "conditions": {
        "item": {
          "items": "minecraft:firework_star",
          "components": {
            "minecraft:custom_model_data": 123
          }
        }
      }
    },
    "fried dragon egg": {
      "trigger": "minecraft:consume_item",
      "conditions": {
        "item": {
          "items": "minecraft:firework_star",
          "components": {
            "minecraft:custom_model_data": 124
          }
        }
      }
    },
    "fried sniffer egg": {
      "trigger": "minecraft:consume_item",
      "conditions": {
        "item": {
          "items": "minecraft:firework_star",
          "components": {
            "minecraft:custom_model_data": 125
          }
        }
      }
    },
    "fruit punch": {
      "trigger": "minecraft:consume_item",
      "conditions": {
        "item": {
          "items": "minecraft:honey_bottle",
          "components": {
            "minecraft:custom_model_data": 126
          }
        }
      }
    },
    "monster mash": {
      "trigger": "minecraft:consume_item",
      "conditions": {
        "item": {
          "items": "minecraft:firework_star",
          "components": {
            "minecraft:custom_model_data": 127
          }
        }
      }
    },
    "frosted pumpkin pie": {
      "trigger": "minecraft:consume_item",
      "conditions": {
        "item": {
          "items": "minecraft:firework_star",
          "components": {
            "minecraft:custom_model_data": 128
          }
        }
      }
    },
    "pretzel": {
      "trigger": "minecraft:consume_item",
      "conditions": {
        "item": {
          "items": "minecraft:firework_star",
          "components": {
            "minecraft:custom_model_data": 129
          }
        }
      }
    },
    "ice cream": {
      "trigger": "minecraft:consume_item",
      "conditions": {
        "item": {
          "items": "minecraft:mushroom_stew",
          "components": {
            "minecraft:custom_model_data": 130
          }
        }
      }
    },
    "chocolate ice cream": {
      "trigger": "minecraft:consume_item",
      "conditions": {
        "item": {
          "items": "minecraft:mushroom_stew",
          "components": {
            "minecraft:custom_model_data": 131
          }
        }
      }
    },
    "fish and chips": {
      "trigger": "minecraft:consume_item",
      "conditions": {
        "item": {
          "items": "minecraft:firework_star",
          "components": {
            "minecraft:custom_model_data": 132
          }
        }
      }
    },
    "kabob": {
      "trigger": "minecraft:consume_item",
      "conditions": {
        "item": {
          "items": "minecraft:firework_star",
          "components": {
            "minecraft:custom_model_data": 133
          }
        }
      }
    },
    "cereal": {
      "trigger": "minecraft:consume_item",
      "conditions": {
        "item": {
          "items": "minecraft:mushroom_stew",
          "components": {
            "minecraft:custom_model_data": 136
          }
        }
      }
    },
    "honey apple": {
      "trigger": "minecraft:consume_item",
      "conditions": {
        "item": {
          "items": "minecraft:firework_star",
          "components": {
            "minecraft:custom_model_data": 137
          }
        }
      }
    },
    "honey ball": {
      "trigger": "minecraft:consume_item",
      "conditions": {
        "item": {
          "items": "minecraft:slime_ball",
          "components": {
            "minecraft:custom_model_data": 138
          }
        }
      }
    },
	"stuffed potato": {
      "trigger": "minecraft:consume_item",
      "conditions": {
        "item": {
          "items": "minecraft:firework_star",
          "components": {
            "minecraft:custom_model_data": 139
          }
        }
      }
    },
	"banana": {
      "trigger": "minecraft:consume_item",
      "conditions": {
        "item": {
          "items": "minecraft:firework_star",
          "components": {
            "minecraft:custom_model_data": 140
          }
        }
      }
    },
	"mango": {
      "trigger": "minecraft:consume_item",
      "conditions": {
        "item": {
          "items": "minecraft:firework_star",
          "components": {
            "minecraft:custom_model_data": 141
          }
        }
      }
    },
	"cheese pizza slice": {
      "trigger": "minecraft:consume_item",
      "conditions": {
        "item": {
          "items": "minecraft:firework_star",
          "components": {
            "minecraft:custom_model_data": 142
          }
        }
      }
    },
	"veg pizza slice": {
      "trigger": "minecraft:consume_item",
      "conditions": {
        "item": {
          "items": "minecraft:firework_star",
          "components": {
            "minecraft:custom_model_data": 143
          }
        }
      }
    }
  }
}
