{
  "display": {
    "icon": {
      "id": "minecraft:leather"
    },
    "title": "Vegan(?) Leather",
    "description": "Smelt Rotten Flesh in a Blast Furnace",
    "frame": "task",
    "show_toast": true,
    "announce_to_chat": true
  },
  "parent": "morefoods:cranking_the_heat",
  "criteria": {
    "smelted flesh": {
      "trigger": "minecraft:recipe_crafted",
      "conditions": {
        "recipe_id": "morefoods:blasting/leather"
      }
	}
  },
  "requirements": [
    [
      "smelted flesh"
    ]
  ]
}
