{
  "type": "minecraft:block",
  "pools": [
    {
      "rolls": 1,
      "entries": [
        {
          "type": "minecraft:item",
          "name": "minecraft:cake",
          "functions": [
            {
              "function": "minecraft:set_components",
              "components": {
                "minecraft:food": {
                  "nutrition": 14,
                  "saturation": 10,
                  "eat_seconds": 5,
                  "effects": [
                    {
                      "effect": {
                        "id": "minecraft:nausea",
                        "duration": 200
                      }
                    }
                  ]
                },
                "minecraft:max_stack_size": 4
              }
            }
          ],
          "conditions": [
            {
              "condition": "minecraft:block_state_property",
              "block": "minecraft:cake",
              "properties": {
                "bites": "0"
              }
            }
          ]
        }
      ]
    }
  ],
  "random_sequence": "minecraft:blocks/cake"
}
