{
  "type": "minecraft:block",
  "pools": [
    {
      "rolls": 1,
      "bonus_rolls": 0,
      "entries": [
        {
          "type": "minecraft:alternatives",
          "children": [
            {
              "type": "minecraft:item",
              "name": "minecraft:mangrove_leaves",
              "conditions": [
                {
                  "condition": "minecraft:any_of",
                  "terms": [
                    {
                      "condition": "minecraft:match_tool",
                      "predicate": {
                        "items": "minecraft:shears"
                      }
                    },
                    {
                      "condition": "minecraft:match_tool",
                      "predicate": {
                        "predicates": {
                          "minecraft:enchantments": [
                            {
                              "enchantment": "minecraft:silk_touch",
                              "levels": {
                                "min": 1
                              }
                            }
                          ]
                        }
                      }
                    }
                  ]
                }
              ]
            },
            {
              "type": "minecraft:item",
              "name": "minecraft:stick",
              "functions": [
                {
                  "function": "minecraft:set_count",
                  "count": {
                    "type": "minecraft:uniform",
                    "min": 1,
                    "max": 2
                  },
                  "add": false
                },
                {
                  "function": "minecraft:explosion_decay"
                }
              ],
              "conditions": [
                {
                  "condition": "minecraft:table_bonus",
                  "enchantment": "minecraft:fortune",
                  "chances": [
                    0.02,
                    0.022222223,
                    0.025,
                    0.033333335,
                    0.1
                  ]
                }
              ]
            }
          ]
        }
      ]
    },
    {
      "rolls": 1,
      "entries": [
        {
          "type": "minecraft:item",
          "name": "minecraft:firework_star",
          "functions": [
            {
              "function": "minecraft:explosion_decay"
            },
            {
              "function": "minecraft:set_components",
              "components": {
                "minecraft:item_name": "{\"text\":\"Mango\"}",
                "minecraft:food": {
                  "nutrition": 4,
                  "saturation": 6
                },
                "minecraft:custom_model_data": 141
              }
            }
          ],
          "conditions": [
            {
              "condition": "minecraft:random_chance",
              "chance": 0.05
            }
          ]
        }
      ],
      "conditions": [
        {
          "condition": "minecraft:inverted",
          "term": {
            "condition": "minecraft:any_of",
            "terms": [
              {
                "condition": "minecraft:match_tool",
                "predicate": {
                  "predicates": {
                    "minecraft:enchantments": [
                      {
                        "enchantment": "minecraft:silk_touch"
                      }
                    ]
                  }
                }
              },
              {
                "condition": "minecraft:match_tool",
                "predicate": {
                  "items": "minecraft:shears"
                }
              }
            ]
          }
        }
      ]
    }
  ],
  "random_sequence": "minecraft:blocks/mangrove_leaves"
}
