{
  "type": "minecraft:block",
  "pools": [
    {
      "rolls": 1,
      "bonus_rolls": 0,
      "entries": [
        {
          "type": "minecraft:alternatives",
          "children": [
            {
              "type": "minecraft:item",
              "name": "minecraft:melon",
              "conditions": [
                {
                  "condition": "minecraft:inverted",
                  "term": {
                    "condition": "minecraft:match_tool",
                    "predicate": {
                      "items": "#minecraft:axes"
                    }
                  }
                }
              ]
            }
          ]
        }
      ]
    },
    {
      "rolls": 1,
      "entries": [
        {
          "type": "minecraft:item",
          "name": "minecraft:melon_slice",
          "functions": [
            {
              "function": "minecraft:set_count",
              "count": 4
            },
            {
              "function": "minecraft:set_components",
              "components": {
                "minecraft:food": {
                  "nutrition": 3,
                  "saturation": 2.2
                }
              }
            }
          ],
          "conditions": [
            {
              "condition": "minecraft:match_tool",
              "predicate": {
                "items": "#minecraft:axes"
              }
            }
          ]
        }
      ]
    }
  ],
  "random_sequence": "minecraft:blocks/melon"
}
