{
  "parent": "morefoods:recipes/root",
  "criteria": {
    "has_the_recipe": {
      "trigger": "minecraft:recipe_unlocked",
      "conditions": {
        "recipe": "morefoods:berry_cookie"
      }
    },
    "has_wheat": {
      "trigger": "minecraft:inventory_changed",
      "conditions": {
        "items": [
          {
            "items": "minecraft:wheat"
          }
        ]
      }
    },
    "has_sweet_berries": {
      "trigger": "minecraft:inventory_changed",
      "conditions": {
        "items": [
          {
            "items": "minecraft:sweet_berries"
          }
        ]
      }
    },
    "has_glow_berries": {
      "trigger": "minecraft:inventory_changed",
      "conditions": {
        "items": [
          {
            "items": "minecraft:glow_berries"
          }
        ]
      }
    }
  },
  "requirements": [
    [
      "has_the_recipe",
      "has_sweet_berries",
      "has_wheat",
      "has_glow_berries"
    ]
  ],
  "rewards": {
    "recipes": [
      "morefoods:berry_cookie",
      "morefoods:glow_berry_cookie"
    ]
  }
}
