{
  "parent": "morefoods:recipes/root",
  "criteria": {
    "has_the_recipe": {
      "trigger": "minecraft:recipe_unlocked",
      "conditions": {
        "recipe": "morefoods:burrito"
      }
    },
    "has_wheat": {
      "trigger": "minecraft:inventory_changed",
      "conditions": {
        "items": [
          {
            "items": "minecraft:wheat"
          }
        ]
      }
    },
    "has_cheese": {
      "trigger": "minecraft:inventory_changed",
      "conditions": {
        "items": [
          {
            "items": "minecraft:tropical_fish",
            "components": {
              "minecraft:food": {
                "nutrition": 4,
                "saturation": 3.6
              }
            }
          }
        ]
      }
    },
    "has_stew": {
      "trigger": "minecraft:inventory_changed",
      "conditions": {
        "items": [
          {
            "items": "minecraft:mushroom_stew"
          }
        ]
      }
    },
    "has_cooked_meat": {
      "trigger": "minecraft:inventory_changed",
      "conditions": {
        "items": [
          {
            "items": "#morefoods:cooked_meats"
          }
        ]
      }
    }
  },
  "requirements": [
    [
      "has_the_recipe",
      "has_cheese",
      "has_wheat",
      "has_cooked_meat",
      "has_stew"
    ]
  ],
  "rewards": {
    "recipes": [
      "morefoods:burrito",
      "morefoods:veg_burrito"
    ]
  }
}
