{
  "parent": "morefoods:recipes/root",
  "criteria": {
    "has_the_recipe": {
      "trigger": "minecraft:recipe_unlocked",
      "conditions": {
        "recipe": "morefoods:cocoa_cookie"
      }
    },
    "has_cocoa_beans": {
      "trigger": "minecraft:inventory_changed",
      "conditions": {
        "items": [
          {
            "items": "minecraft:cocoa_beans"
          }
        ]
      }
    },
    "has_wheat": {
      "trigger": "minecraft:inventory_changed",
      "conditions": {
        "items": [
          {
            "items": "minecraft:wheat"
          }
        ]
      }
    }
  },
  "requirements": [
    [
      "has_the_recipe",
      "has_wheat",
      "has_cocoa_beans"
    ]
  ],
  "rewards": {
    "recipes": [
      "morefoods:cocoa_cookie"
    ]
  }
}
