{
  "parent": "morefoods:recipes/root",
  "criteria": {
    "has_the_recipe": {
      "trigger": "minecraft:recipe_unlocked",
      "conditions": {
        "recipe": "morefoods:diamond_apple"
      }
    },
    "has_apple": {
      "trigger": "minecraft:inventory_changed",
      "conditions": {
        "items": [
          {
            "items": "minecraft:apple"
          }
        ]
      }
    },
    "has_diamond": {
      "trigger": "minecraft:inventory_changed",
      "conditions": {
        "items": [
          {
            "items": "minecraft:diamond"
          }
        ]
      }
    }
  },
  "requirements": [
    [
      "has_the_recipe",
      "has_diamond",
      "has_apple"
    ]
  ],
  "rewards": {
    "recipes": [
      "morefoods:diamond_apple"
    ]
  }
}
