{
  "parent": "morefoods:recipes/root",
  "criteria": {
    "has_the_recipe": {
      "trigger": "minecraft:recipe_unlocked",
      "conditions": {
        "recipe": "morefoods:enchanted_emerald_apple"
      }
    },
    "has_enchanted_golden_apple": {
      "trigger": "minecraft:inventory_changed",
      "conditions": {
        "items": [
          {
            "items": "minecraft:enchanted_golden_apple"
          }
        ]
      }
    },
    "has_emerald_block": {
      "trigger": "minecraft:inventory_changed",
      "conditions": {
        "items": [
          {
            "items": "minecraft:emerald_block"
          }
        ]
      }
    }
  },
  "requirements": [
    [
      "has_the_recipe",
      "has_emerald_block",
      "has_enchanted_golden_apple"
    ]
  ],
  "rewards": {
    "recipes": [
      "morefoods:enchanted_emerald_apple"
    ]
  }
}
