{
  "parent": "morefoods:recipes/root",
  "criteria": {
    "has_the_recipe": {
      "trigger": "minecraft:recipe_unlocked",
      "conditions": {
        "recipe": "morefoods:enchanted_golden_apple_juice"
      }
    },
    "has_golden_apple_juice": {
      "trigger": "minecraft:inventory_changed",
      "conditions": {
        "items": [
          {
            "items": "minecraft:honey_bottle",
            "components": {
              "minecraft:custom_model_data": 99
            }
          }
        ]
      }
    }
  },
  "requirements": [
    [
      "has_the_recipe",
      "has_golden_apple_juice"
    ]
  ],
  "rewards": {
    "recipes": [
      "morefoods:enchanted_golden_apple_juice"
    ]
  }
}
