{
  "parent": "morefoods:recipes/root",
  "criteria": {
    "has_the_recipe": {
      "trigger": "minecraft:recipe_unlocked",
      "conditions": {
        "recipe": "morefoods:fish_and_chips"
      }
    },
    "has_cooked_cod": {
      "trigger": "minecraft:inventory_changed",
      "conditions": {
        "items": [
          {
            "items": "minecraft:cooked_cod"
          }
        ]
      }
    },
    "has_cooked_salmon": {
      "trigger": "minecraft:inventory_changed",
      "conditions": {
        "items": [
          {
            "items": "minecraft:cooked_salmon"
          }
        ]
      }
    },
    "has_baked_potato": {
      "trigger": "minecraft:inventory_changed",
      "conditions": {
        "items": [
          {
            "items": "minecraft:baked_potato"
          }
        ]
      }
    }
  },
  "requirements": [
    [
      "has_the_recipe",
      "has_baked_potato",
      "has_cooked_cod",
	  "has_cooked_salmon"
    ]
  ],
  "rewards": {
    "recipes": [
      "morefoods:fish_and_chips"
    ]
  }
}
