{
  "parent": "morefoods:recipes/root",
  "criteria": {
    "has_the_recipe": {
      "trigger": "minecraft:recipe_unlocked",
      "conditions": {
        "recipe": "morefoods:frosted_pumpkin_pie"
      }
    },
    "has_pumpkin": {
      "trigger": "minecraft:inventory_changed",
      "conditions": {
        "items": [
          {
            "items": "minecraft:pumpkin"
          }
        ]
      }
    },
    "has_egg": {
      "trigger": "minecraft:inventory_changed",
      "conditions": {
        "items": [
          {
            "items": "minecraft:egg"
          }
        ]
      }
    },
	"has_milk": {
      "trigger": "minecraft:inventory_changed",
      "conditions": {
        "items": [
          {
            "items": "minecraft:milk_bucket"
          }
        ]
      }
    },
    "has_sugar": {
      "trigger": "minecraft:inventory_changed",
      "conditions": {
        "items": [
          {
            "items": "minecraft:sugar"
          }
        ]
      }
    },
	"has_pie": {
      "trigger": "minecraft:inventory_changed",
      "conditions": {
        "items": [
          {
            "items": "minecraft:pumpkin_pie"
          }
        ]
      }
    }
  },
  "requirements": [
    [
      "has_the_recipe",
      "has_egg",
      "has_milk",
	  "has_pumpkin",
	  "has_sugar",
	  "has_pie"
    ]
  ],
  "rewards": {
    "recipes": [
      "morefoods:frosted_pumpkin_pie",
	  "morefoods:frosted_pumpkin_pie2"
    ]
  }
}
