{
  "parent": "morefoods:recipes/root",
  "criteria": {
    "has_the_recipe": {
      "trigger": "minecraft:recipe_unlocked",
      "conditions": {
        "recipe": "morefoods:glazed_donut"
      }
    },
    "has_wheat": {
      "trigger": "minecraft:inventory_changed",
      "conditions": {
        "items": [
          {
            "items": "minecraft:wheat"
          }
        ]
      }
    },
	"has_sugar": {
      "trigger": "minecraft:inventory_changed",
      "conditions": {
        "items": [
          {
            "items": "minecraft:sugar" 
		  }
        ]
      }
    },
	"has_milk": {
      "trigger": "minecraft:inventory_changed",
      "conditions": {
        "items": [
          {
            "items": "minecraft:milk_bucket"
          }
        ]
      }
    }
  },
  "requirements": [
    [
      "has_the_recipe",
	  "has_milk",
	  "has_sugar",
	  "has_wheat"
    ]
  ],
  "rewards": {
    "recipes": [
      "morefoods:glazed_donut"
    ]
  }
}
