{
  "parent": "morefoods:recipes/root",
  "criteria": {
    "has_the_recipe": {
      "trigger": "minecraft:recipe_unlocked",
      "conditions": {
        "recipe": "morefoods:honey_ball"
      }
    },
	"has_honey": {
      "trigger": "minecraft:inventory_changed",
      "conditions": {
        "items": [
          {
            "items": "minecraft:honey_bottle" 
		  }
        ]
      }
    }
  },
  "requirements": [
    [
      "has_the_recipe",
	  "has_honey"
    ]
  ],
  "rewards": {
    "recipes": [
      "morefoods:honey_ball"
    ]
  }
}
