{
  "parent": "morefoods:recipes/root",
  "criteria": {
    "has_the_recipe": {
      "trigger": "minecraft:recipe_unlocked",
      "conditions": {
        "recipe": "morefoods:ice_cream"
      }
    },
	"has_powder_snow": {
      "trigger": "minecraft:inventory_changed",
      "conditions": {
        "items": [
          {
            "items": "minecraft:powder_snow_bucket"
          }
        ]
      }
    },
    "has_cocoa_beans": {
      "trigger": "minecraft:inventory_changed",
      "conditions": {
        "items": [
          {
            "items": "minecraft:cocoa_beans"
          }
        ]
      }
    },
	"has_sugar": {
      "trigger": "minecraft:inventory_changed",
      "conditions": {
        "items": [
          {
            "items": "minecraft:sugar"
          }
        ]
      }
    },
    "has_milk": {
      "trigger": "minecraft:inventory_changed",
      "conditions": {
        "items": [
          {
            "items": "minecraft:milk_bucket"
          }
        ]
      }
    },
    "has_bowl": {
      "trigger": "minecraft:inventory_changed",
      "conditions": {
        "items": [
          {
            "items": "minecraft:bowl"
          }
        ]
      }
    }
  },
  "requirements": [
    [
      "has_the_recipe",
      "has_milk",
      "has_cocoa_beans",
	  "has_powder_snow",
	  "has_sugar",
      "has_bowl"
    ]
  ],
  "rewards": {
    "recipes": [
      "morefoods:ice_cream",
	  "morefoods:chocolate_ice_cream"
    ]
  }
}
