{
  "parent": "morefoods:recipes/root",
  "criteria": {
    "has_the_recipe": {
      "trigger": "minecraft:recipe_unlocked",
      "conditions": {
        "recipe": "morefoods:kabob"
      }
    },
	"has_cooked_meat": {
      "trigger": "minecraft:inventory_changed",
      "conditions": {
        "items": [
          {
            "items": "#morefoods:cooked_meats" 
		  }
        ]
      }
    },
	"has_veg": {
      "trigger": "minecraft:inventory_changed",
      "conditions": {
        "items": [
          {
            "items": "#morefoods:veg_burrito_ingredients" 
		  }
        ]
      }
    }
  },
  "requirements": [
    [
      "has_the_recipe",
	  "has_cooked_meat",
	  "has_veg"
    ]
  ],
  "rewards": {
    "recipes": [
      "morefoods:kabob"
    ]
  }
}
