{
  "parent": "morefoods:recipes/root",
  "criteria": {
    "has_the_recipe": {
      "trigger": "minecraft:recipe_unlocked",
      "conditions": {
        "recipe": "morefoods:rabbit_stew"
      }
    },
	"has_baked_potato": {
      "trigger": "minecraft:inventory_changed",
      "conditions": {
        "items": [
          {
            "items": "minecraft:baked_potato" 
		  }
        ]
      }
    },
	"has_cooked_meat": {
      "trigger": "minecraft:inventory_changed",
      "conditions": {
        "items": [
          {
            "items": "#morefoods:cooked_meat" 
		  }
        ]
      }
    },
	"has_carrot": {
      "trigger": "minecraft:inventory_changed",
      "conditions": {
        "items": [
          {
            "items": "minecraft:carrot" 
		  }
        ]
      }
    },
	"has_bowl": {
      "trigger": "minecraft:inventory_changed",
      "conditions": {
        "items": [
          {
            "items": "minecraft:bowl" 
		  }
        ]
      }
    },
	"has_red_mushroom": {
      "trigger": "minecraft:inventory_changed",
      "conditions": {
        "items": [
          {
            "items": "minecraft:red_mushroom" 
		  }
        ]
      }
    },
	"has_brown_mushroom": {
      "trigger": "minecraft:inventory_changed",
      "conditions": {
        "items": [
          {
            "items": "minecraft:brown_mushroom" 
		  }
        ]
      }
    }
  },
  "requirements": [
    [
      "has_the_recipe",
	  "has_baked_potato",
	  "has_bowl",
	  "has_brown_mushroom",
	  "has_carrot",
	  "has_cooked_meat",
	  "has_red_mushroom"
    ]
  ],
  "rewards": {
    "recipes": [
      "morefoods:rabbit_stew"
    ]
  }
}
