{
  "parent": "morefoods:recipes/root",
  "criteria": {
    "has_the_recipe": {
      "trigger": "minecraft:inventory_changed",
      "conditions": {
        "items": [
          {
            "items": "minecraft:stonecutter"
          }
        ]
      }
    }
  },
  "rewards": {
    "recipes": [
      "morefoods:info_cake_slice",
      "morefoods:info_cheese",
      "morefoods:info_cheese2",
      "morefoods:info_cut_potatoes",
      "morefoods:info_pumpkin_pie_slice",
	  "morefoods:info_pumpkin_slice",
	  "morefoods:info_melon_slice"
    ]
  }
}
