{
  "parent": "morefoods:recipes/root",
  "criteria": {
    "has_the_recipe": {
      "trigger": "minecraft:recipe_unlocked",
      "conditions": {
        "recipe": "morefoods:stuffed_potato"
      }
    },
    "has_baked_potato": {
      "trigger": "minecraft:inventory_changed",
      "conditions": {
        "items": [
          {
            "items": "minecraft:baked_potato"
          }
        ]
      }
    },
    "has_cooked_meat": {
      "trigger": "minecraft:inventory_changed",
      "conditions": {
        "items": [
          {
            "items": "#morefoods:cooked_meats"
          }
        ]
      }
    },
    "has_veg_burrito_ingredient": {
      "trigger": "minecraft:inventory_changed",
      "conditions": {
        "items": [
          {
            "items": "#morefoods:veg_burrito_ingredients"
          }
        ]
      }
    },
	"has_milk": {
      "trigger": "minecraft:inventory_changed",
      "conditions": {
        "items": [
          {
            "items": "minecraft:milk_bucket"
          }
        ]
      }
    }
  },
  "requirements": [
    [
      "has_the_recipe",
      "has_baked_potato",
      "has_cooked_meat",
      "has_milk",
	  "has_veg_burrito_ingredient"
    ]
  ],
  "rewards": {
    "recipes": [
      "morefoods:stuffed_potato"
    ]
  }
}
