{
  "parent": "morefoods:recipes/root",
  "criteria": {
    "has_the_recipe": {
      "trigger": "minecraft:recipe_unlocked",
      "conditions": {
        "recipe": "morefoods:tofu"
      }
    },
	"has_water": {
      "trigger": "minecraft:inventory_changed",
      "conditions": {
        "items": [
          {
            "items": "minecraft:water_bucket" 
		  }
        ]
      }
	}
  },
  "requirements": [
    [
      "has_the_recipe",
	  "has_water"
    ]
  ],
  "rewards": {
    "recipes": [
      "morefoods:tofu"
    ]
  }
}
